{
  "broken": {
    "precision": 0.9090909090909091,
    "recall": 1.0,
    "f1-score": 0.9523809523809523,
    "support": 30.0
  },
  "full": {
    "precision": 0.9090909090909091,
    "recall": 1.0,
    "f1-score": 0.9523809523809523,
    "support": 30.0
  },
  "mixed": {
    "precision": 1.0,
    "recall": 0.8,
    "f1-score": 0.8888888888888888,
    "support": 30.0
  },
  "accuracy": 0.9333333333333333,
  "macro avg": {
    "precision": 0.9393939393939394,
    "recall": 0.9333333333333332,
    "f1-score": 0.9312169312169312,
    "support": 90.0
  },
  "weighted avg": {
    "precision": 0.9393939393939394,
    "recall": 0.9333333333333333,
    "f1-score": 0.931216931216931,
    "support": 90.0
  }
}