{
  "broken": {
    "precision": 0.92,
    "recall": 0.7666666666666667,
    "f1-score": 0.8363636363636363,
    "support": 30.0
  },
  "full": {
    "precision": 0.7435897435897436,
    "recall": 0.9666666666666667,
    "f1-score": 0.8405797101449275,
    "support": 30.0
  },
  "mixed": {
    "precision": 0.9615384615384616,
    "recall": 0.8333333333333334,
    "f1-score": 0.8928571428571429,
    "support": 30.0
  },
  "accuracy": 0.8555555555555555,
  "macro avg": {
    "precision": 0.8750427350427351,
    "recall": 0.8555555555555556,
    "f1-score": 0.8566001631219021,
    "support": 90.0
  },
  "weighted avg": {
    "precision": 0.875042735042735,
    "recall": 0.8555555555555555,
    "f1-score": 0.8566001631219022,
    "support": 90.0
  }
}